video_time_s,counter,queue_length
0.0,counter-1,0
10.0,counter-1,0
20.0,counter-1,0
30.0,counter-1,0
40.0,counter-1,0
50.0,counter-1,0
60.0,counter-1,0
70.0,counter-1,0
80.0,counter-1,0
90.0,counter-1,0
100.0,counter-1,0
110.0,counter-1,0
120.0,counter-1,0
130.0,counter-1,0
140.0,counter-1,0
150.0,counter-1,0
160.0,counter-1,0
170.0,counter-1,0
180.0,counter-1,0
190.0,counter-1,0
200.0,counter-1,0
210.0,counter-1,0
220.0,counter-1,0
230.0,counter-1,0
240.0,counter-1,0
250.0,counter-1,0
260.0,counter-1,0
270.0,counter-1,0
280.0,counter-1,0
290.0,counter-1,0
300.0,counter-1,0
310.0,counter-1,0
320.0,counter-1,0
330.0,counter-1,0
340.0,counter-1,0
350.0,counter-1,0
360.0,counter-1,0
370.0,counter-1,0
380.0,counter-1,0
390.0,counter-1,0
400.0,counter-1,0
410.0,counter-1,0
420.0,counter-1,0
430.0,counter-1,0
440.0,counter-1,0
450.0,counter-1,0
460.0,counter-1,0
470.0,counter-1,0
480.0,counter-1,0
490.0,counter-1,0
500.0,counter-1,0
510.0,counter-1,0
520.0,counter-1,0
530.0,counter-1,0
540.0,counter-1,1
550.0,counter-1,0
560.0,counter-1,0
570.0,counter-1,0
580.0,counter-1,0
590.0,counter-1,0
600.0,counter-1,0
610.0,counter-1,0
620.0,counter-1,0
630.0,counter-1,0
640.0,counter-1,0
650.0,counter-1,0
660.0,counter-1,0
670.0,counter-1,0
680.0,counter-1,0
690.0,counter-1,0
700.0,counter-1,0
710.0,counter-1,0
720.0,counter-1,0
730.0,counter-1,0
740.0,counter-1,0
750.0,counter-1,0
760.0,counter-1,0
770.0,counter-1,0
780.0,counter-1,0
790.0,counter-1,0
800.0,counter-1,0
810.0,counter-1,0
820.0,counter-1,1
830.0,counter-1,1
840.0,counter-1,0
850.0,counter-1,1
860.0,counter-1,2
870.0,counter-1,1
880.0,counter-1,1
890.0,counter-1,2
900.0,counter-1,2
910.0,counter-1,2
920.0,counter-1,3
930.0,counter-1,2
940.0,counter-1,3
950.0,counter-1,3
960.0,counter-1,3
970.0,counter-1,2
980.0,counter-1,2
990.0,counter-1,3
1000.0,counter-1,4
1010.0,counter-1,5
1020.0,counter-1,4
1030.0,counter-1,5
1040.0,counter-1,5
1050.0,counter-1,5
1060.0,counter-1,6
1070.0,counter-1,6
1080.0,counter-1,5
1090.0,counter-1,5
1100.0,counter-1,5
1110.0,counter-1,6
1120.0,counter-1,7
1130.0,counter-1,7
1140.0,counter-1,7
1150.0,counter-1,6
1160.0,counter-1,7
1170.0,counter-1,7
1180.0,counter-1,8
1190.0,counter-1,8
1200.0,counter-1,8
1210.0,counter-1,8
1220.0,counter-1,8
1230.0,counter-1,8
1240.0,counter-1,8
1250.0,counter-1,8
1260.0,counter-1,9
1270.0,counter-1,8
1280.0,counter-1,8
1290.0,counter-1,9
1300.0,counter-1,10
1310.0,counter-1,10
1320.0,counter-1,9
1330.0,counter-1,9
1340.0,counter-1,9
1350.0,counter-1,10
1360.0,counter-1,10
1370.0,counter-1,9
1380.0,counter-1,9
1390.0,counter-1,9
1400.0,counter-1,9
1410.0,counter-1,9
1420.0,counter-1,8
1430.0,counter-1,7
1440.0,counter-1,8
1450.0,counter-1,8
1460.0,counter-1,8
1470.0,counter-1,7
1480.0,counter-1,7
1490.0,counter-1,7
0.0,counter-2,0
10.0,counter-2,0
20.0,counter-2,0
30.0,counter-2,0
40.0,counter-2,0
50.0,counter-2,0
60.0,counter-2,0
70.0,counter-2,0
80.0,counter-2,0
90.0,counter-2,0
100.0,counter-2,0
110.0,counter-2,0
120.0,counter-2,0
130.0,counter-2,0
140.0,counter-2,0
150.0,counter-2,0
160.0,counter-2,0
170.0,counter-2,0
180.0,counter-2,0
190.0,counter-2,0
200.0,counter-2,0
210.0,counter-2,0
220.0,counter-2,0
230.0,counter-2,0
240.0,counter-2,0
250.0,counter-2,0
260.0,counter-2,0
270.0,counter-2,0
280.0,counter-2,0
290.0,counter-2,0
300.0,counter-2,0
310.0,counter-2,0
320.0,counter-2,0
330.0,counter-2,0
340.0,counter-2,0
350.0,counter-2,0
360.0,counter-2,0
370.0,counter-2,0
380.0,counter-2,0
390.0,counter-2,0
400.0,counter-2,0
410.0,counter-2,0
420.0,counter-2,0
430.0,counter-2,0
440.0,counter-2,0
450.0,counter-2,0
460.0,counter-2,0
470.0,counter-2,0
480.0,counter-2,0
490.0,counter-2,0
500.0,counter-2,0
510.0,counter-2,0
520.0,counter-2,0
530.0,counter-2,0
540.0,counter-2,0
550.0,counter-2,0
560.0,counter-2,0
570.0,counter-2,0
580.0,counter-2,0
590.0,counter-2,0
600.0,counter-2,0
610.0,counter-2,0
620.0,counter-2,0
630.0,counter-2,0
640.0,counter-2,0
650.0,counter-2,0
660.0,counter-2,0
670.0,counter-2,0
680.0,counter-2,0
690.0,counter-2,0
700.0,counter-2,0
710.0,counter-2,0
720.0,counter-2,0
730.0,counter-2,0
740.0,counter-2,0
750.0,counter-2,0
760.0,counter-2,0
770.0,counter-2,0
780.0,counter-2,0
790.0,counter-2,0
800.0,counter-2,0
810.0,counter-2,1
820.0,counter-2,2
830.0,counter-2,1
840.0,counter-2,1
850.0,counter-2,1
860.0,counter-2,0
870.0,counter-2,0
880.0,counter-2,1
890.0,counter-2,2
900.0,counter-2,2
910.0,counter-2,2
920.0,counter-2,3
930.0,counter-2,2
940.0,counter-2,2
950.0,counter-2,3
960.0,counter-2,3
970.0,counter-2,3
980.0,counter-2,4
990.0,counter-2,3
1000.0,counter-2,3
1010.0,counter-2,4
1020.0,counter-2,4
1030.0,counter-2,5
1040.0,counter-2,5
1050.0,counter-2,4
1060.0,counter-2,5
1070.0,counter-2,5
1080.0,counter-2,5
1090.0,counter-2,5
1100.0,counter-2,5
1110.0,counter-2,5
1120.0,counter-2,6
1130.0,counter-2,6
1140.0,counter-2,5
1150.0,counter-2,5
1160.0,counter-2,5
1170.0,counter-2,6
1180.0,counter-2,6
1190.0,counter-2,6
1200.0,counter-2,6
1210.0,counter-2,5
1220.0,counter-2,6
1230.0,counter-2,6
1240.0,counter-2,6
1250.0,counter-2,6
1260.0,counter-2,6
1270.0,counter-2,8
1280.0,counter-2,8
1290.0,counter-2,8
1300.0,counter-2,10
1310.0,counter-2,9
1320.0,counter-2,9
1330.0,counter-2,9
1340.0,counter-2,9
1350.0,counter-2,9
1360.0,counter-2,9
1370.0,counter-2,9
1380.0,counter-2,9
1390.0,counter-2,9
1400.0,counter-2,9
1410.0,counter-2,8
1420.0,counter-2,8
1430.0,counter-2,8
1440.0,counter-2,8
1450.0,counter-2,8
1460.0,counter-2,7
1470.0,counter-2,7
1480.0,counter-2,7
1490.0,counter-2,7
