customer,counter,joined_s,service_start_s,service_s,wait_s
1,counter-1,398.04,398.04,52.44,0.0
2,counter-2,406.66,406.66,67.63,0.0
3,counter-1,488.19,488.19,58.75,0.0
4,counter-2,489.45,489.45,68.24,0.0
5,counter-1,539.99,546.94,47.96,6.94
6,counter-1,597.14,597.14,18.48,0.0
7,counter-2,603.67,603.67,67.06,0.0
8,counter-1,619.93,619.93,45.95,0.0
9,counter-1,774.24,774.24,59.12,0.0
10,counter-2,780.2,780.2,48.93,0.0
11,counter-2,801.53,829.13,27.94,27.6
12,counter-1,818.45,833.36,33.1,14.91
13,counter-2,818.56,857.07,67.11,38.51
14,counter-1,841.58,866.46,55.13,24.89
15,counter-1,857.76,921.59,46.91,63.84
16,counter-2,871.63,924.18,58.53,52.55
17,counter-1,882.04,968.51,44.45,86.47
18,counter-2,887.81,982.71,61.48,94.9
19,counter-1,914.97,1012.96,57.97,97.99
20,counter-2,918.22,1044.18,56.24,125.97
21,counter-1,933.77,1070.93,77.35,137.16
22,counter-2,946.71,1100.43,31.19,153.72
23,counter-2,976.27,1131.62,73.09,155.35
24,counter-1,986.18,1148.28,40.3,162.11
25,counter-1,997.55,1188.58,42.87,191.04
26,counter-2,1003.23,1204.71,45.29,201.48
27,counter-1,1008.79,1231.45,37.23,222.66
28,counter-2,1022.86,1249.99,58.19,227.13
29,counter-1,1026.53,1268.68,47.92,242.15
30,counter-2,1052.11,1308.18,60.1,256.07
31,counter-1,1059.14,1316.6,48.03,257.46
32,counter-1,1100.32,1364.63,47.69,264.32
33,counter-2,1109.57,1368.28,40.63,258.72
34,counter-2,1115.63,1408.91,43.67,293.29
35,counter-1,1119.53,1412.32,15.0,292.79
36,counter-1,1157.78,1427.32,33.99,269.55
37,counter-2,1163.93,1452.58,54.51,288.66
38,counter-1,1173.22,1461.32,42.44,288.09
39,counter-1,1189.38,1503.76,50.98,314.37
40,counter-2,1212.41,1507.1,71.96,294.69
41,counter-1,1238.65,1554.73,50.32,316.08
42,counter-2,1244.67,1579.05,40.94,334.38
43,counter-1,1250.67,1605.05,49.7,354.38
44,counter-2,1262.46,1620.0,18.71,357.54
45,counter-2,1266.69,1638.7,31.88,372.02
46,counter-1,1288.67,1654.75,21.03,366.08
47,counter-2,1291.04,1670.58,47.3,379.55
48,counter-1,1292.19,1675.79,50.48,383.59
49,counter-2,1293.34,1717.89,49.95,424.55
50,counter-1,1348.7,1726.27,47.54,377.57
51,counter-2,1361.25,1767.84,64.87,406.58
52,counter-1,1439.42,1773.81,47.39,334.39
53,counter-1,1516.82,1821.2,56.76,304.38
54,counter-2,1602.15,1832.7,55.76,230.55
55,counter-1,1657.39,1877.96,57.75,220.57
56,counter-2,1679.12,1888.47,49.85,209.34
57,counter-1,1687.22,1935.71,34.27,248.5
58,counter-2,1730.41,1938.32,60.39,207.91
