video_time_s,direction,note
22.38,in,
30.00,in,
34.50,in,
109.38,in,
134.62,in,
169.50,in,
193.50,in,
207.88,in,
247.12,in,
273.12,in,
318.88,in,
353.00,in,
406.12,in,
424.75,in,
430.00,in,
434.12,in,
468.50,in,
471.50,in,
488.88,in,
502.38,in,
503.38,in,
524.12,in,
525.38,in,
547.88,in,
566.00,in,
567.38,in,
582.00,in,
594.00,in,
595.62,in,
605.75,in,
608.12,in,
631.62,in,
643.38,in,
683.25,in,
684.00,in,
687.75,in,
698.25,in,
705.75,in,
708.88,in,
729.38,in,
748.88,in,
752.25,in,
753.88,in,
766.50,in,
770.12,in,
781.88,in,
788.50,in,
792.62,in,
793.50,in,
795.50,in,
801.25,in,
814.00,in,
819.25,in,
833.38,in,
840.12,in,
861.62,in,
873.75,in,
876.88,in,
877.88,in,
878.12,in,
880.00,in,
898.50,in,
920.38,in,
935.50,in,
937.00,in,
948.75,in,
951.88,in,
981.50,in,
1000.12,in,
1027.50,in,
1055.25,in,
1071.88,in,
1129.50,in,
1226.75,in,
1234.38,in,
1253.25,in,
1292.12,in,
1325.25,in,
1343.00,in,
1359.12,in,
