video_time_s,people_in_frame
0.00,0
1.00,0
2.00,0
3.00,0
4.00,0
5.00,0
6.00,0
7.00,0
8.00,0
9.00,0
10.00,0
11.00,0
12.00,0
13.00,0
14.00,0
15.00,0
16.00,0
17.00,0
18.00,0
19.00,0
20.00,0
21.00,0
22.00,0
23.00,0
24.00,0
25.00,0
26.00,0
27.00,0
28.00,0
29.00,0
30.00,0
31.00,0
32.00,0
33.00,1
34.00,1
35.00,1
36.00,1
37.00,0
38.00,0
39.00,0
40.00,0
41.00,0
42.00,0
43.00,0
44.00,0
45.00,0
46.00,0
47.00,0
48.00,0
49.00,0
50.00,0
51.00,0
52.00,0
53.00,0
54.00,0
55.00,0
56.00,0
57.00,0
58.00,0
59.00,0
60.00,0
61.00,0
62.00,0
63.00,0
64.00,1
65.00,1
66.00,1
67.00,1
68.00,1
69.00,1
70.00,1
71.00,1
72.00,1
73.00,1
74.00,3
75.00,3
76.00,2
77.00,2
78.00,2
79.00,2
80.00,1
81.00,0
82.00,0
83.00,1
84.00,1
85.00,1
86.00,1
87.00,1
88.00,1
89.00,1
90.00,1
91.00,1
92.00,1
93.00,1
94.00,1
